timestamp,none:startupDurationMs,latest:startupDurationMs,snapshot:startupDurationMs,snapshot-indy:startupDurationMs,none:minHeapUsed,latest:minHeapUsed,snapshot:minHeapUsed,snapshot-indy:minHeapUsed,none:maxHeapUsed,latest:maxHeapUsed,snapshot:maxHeapUsed,snapshot-indy:maxHeapUsed,none:totalAllocatedMB,latest:totalAllocatedMB,snapshot:totalAllocatedMB,snapshot-indy:totalAllocatedMB,none:totalGCTime,latest:totalGCTime,snapshot:totalGCTime,snapshot-indy:totalGCTime,none:maxThreadContextSwitchRate,latest:maxThreadContextSwitchRate,snapshot:maxThreadContextSwitchRate,snapshot-indy:maxThreadContextSwitchRate,none:iterationAvg,latest:iterationAvg,snapshot:iterationAvg,snapshot-indy:iterationAvg,none:iterationP95,latest:iterationP95,snapshot:iterationP95,snapshot-indy:iterationP95,none:requestAvg,latest:requestAvg,snapshot:requestAvg,snapshot-indy:requestAvg,none:requestP95,latest:requestP95,snapshot:requestP95,snapshot-indy:requestP95,none:netReadAvg,latest:netReadAvg,snapshot:netReadAvg,snapshot-indy:netReadAvg,none:netWriteAvg,latest:netWriteAvg,snapshot:netWriteAvg,snapshot-indy:netWriteAvg,none:peakThreadCount,latest:peakThreadCount,snapshot:peakThreadCount,snapshot-indy:peakThreadCount,none:averageCpuUser,latest:averageCpuUser,snapshot:averageCpuUser,snapshot-indy:averageCpuUser,none:maxCpuUser,latest:maxCpuUser,snapshot:maxCpuUser,snapshot-indy:maxCpuUser,none:averageMachineCpuTotal,latest:averageMachineCpuTotal,snapshot:averageMachineCpuTotal,snapshot-indy:averageMachineCpuTotal,none:runDurationMs,latest:runDurationMs,snapshot:runDurationMs,snapshot-indy:runDurationMs,none:gcPauseMs,latest:gcPauseMs,snapshot:gcPauseMs,snapshot-indy:gcPauseMs
1783072661,12757,12290,11131,11030,275188192,256468480,123033088,140739504,719946240,754913520,403713024,429644592,19222.91512298584,24127.93081665039,21816.575645446777,23712.210647583008,750069665,821073102,522867677,472273235,65620.31,63067.758,66061.37,63454.02,42.46652375560014,50.016528373400035,48.56633152379998,48.233833079799936,62.198454250000005,71.42715550000001,71.27565535000001,67.29595020000001,3.2695164703888624,3.898471072322215,3.7672976314333733,3.747295347011138,8.199711950000008,9.527072150000004,9.315700050000002,9.153472300000004,18056202,15966310,16338295,16506685,24357501,83989020,80454957,81294136,39,51,50,50,0.3081943,0.35879076,0.35984495,0.35412994,0.5025,0.48877805,0.519802,0.5,0.94263273,0.9723513,0.9701436,0.9723937,43909,50943,49879,48888,750,821,522,472
1783329570,11214,12109,10961,10882,168219648,155058176,116866048,243479896,564133888,507777472,506600448,667924728,19631.34529876709,24321.279266357422,24296.897857666016,23549.70213317871,682332177,638420122,394108886,796817037,74184.414,71945.54,74221.69,71376.4,38.46535843860007,45.57306090559985,43.21680309779993,45.306923671200046,52.775102100000005,65.70270430000001,61.64623345,66.03193915000001,2.965370695877786,3.5518314443333003,3.357570057644469,3.5096393833888655,7.141140550000002,8.70594655,8.04893475,8.667115850000005,20241497,17532471,18118408,17265214,27322313,92129549,89324488,84947124,39,51,49,50,0.28136128,0.35280398,0.3388576,0.36035293,0.4447236,0.515,0.5049261,0.5199005,0.929469,0.96642244,0.96855205,0.9666014,39916,46907,43877,45877,682,638,394,796
1783835180,10766,11098,10866,10866,227728032,174223136,125539328,101723968,588148648,490675920,411303312,459106112,19825.484565734863,25112.066497802734,24226.750770568848,24390.438972473145,1699081542,1897087496,1643552514,1666736488,77314.17,78481.61,78933.46,80293.336,36.732278642400225,41.96283673040009,41.7267435971999,41.75249570559994,52.855703250000005,60.04097385,60.88555550000001,60.09060695000003,2.8149498685110697,3.2432135818000076,3.2219276323777857,3.2390222910666915,6.6187832,7.552504500000003,7.544501900000005,7.54341375,21112730,18817225,19077429,19151257,28502933,99093214,94213084,94409035,39,51,50,50,0.34735227,0.39381096,0.39899763,0.3969301,0.5175,0.5263158,0.5272277,0.56218904,0.949218,0.96839917,0.9679444,0.9688207,37911,42940,42879,42869,1699,1897,1643,1666
1783931800,10237,12100,10888,10937,118540288,125068288,94942600,121210880,466545152,562984448,598134272,557640704,19026.69704437256,24285.405075073242,24336.27239227295,24446.48114013672,323699506,359080453,471541596,375400277,74045.46,72059.17,72594.06,75148.51,38.436241138799865,46.247962514999976,44.894373783399985,42.388112108800016,55.80784845,67.08553755,65.46830195000004,58.37821440000001,2.9460439203889104,3.619472207977732,3.5131879942000244,3.2785792672333365,6.932977500000001,8.655059500000002,8.386995700000002,7.726158800000002,19729903,16940520,17512096,18534161,26625511,88872518,86243107,91375805,39,50,49,50,0.2816221,0.362787,0.34736025,0.32550186,0.4375,0.4950249,0.50877196,0.42144638,0.93248165,0.9710767,0.97001487,0.963061,39914,46918,45896,43876,323,359,484,375
1784536296,14881,11978,10261,10185,250421008,150633552,97829920,121734688,602800112,454176480,444978688,483677200,18877.356353759766,25077.9520111084,24288.958709716797,23647.812103271484,581599237,610564502,500524118,489193926,85516.79,83762.24,85540.43,86213.13,33.27493643939998,37.73926055739995,36.538340452199996,37.77957454259993,48.05151615000001,53.01190745000001,50.90423225000001,55.76447010000001,2.5304181643333217,2.903851638533382,2.8193530506443927,2.924590341044438,5.5424155,6.418779500000002,6.244292550000001,6.5648915,22958810,20550580,20855820,20571529,30992331,108121889,102830558,101593562,39,50,50,50,0.34329435,0.40565738,0.3930359,0.41308,0.48379052,0.5301508,0.53349876,0.56,0.92284805,0.9621258,0.93165326,0.95358896,34882,38830,38189,38818,581,610,511,489
1785142564,11271,11473,9062,10222,135348736,137329152,100404632,141474568,462515712,475650048,710308352,482087440,20343.607360839844,25019.39891052246,25950.545417785645,25137.33399963379,439063054,397538833,446458517,520644750,88810.695,89008.09,89271.22,90375.19,30.61940819779992,35.09701688819995,34.9323023312,34.94682575900001,43.05838,49.74979865,47.65610740000001,49.20130735,2.3186943586555797,2.6972576078000046,2.6948334332222417,2.678830297811135,5.059384,5.91783,5.9814357000000005,5.95021585,24793856,22539288,22827810,22744545,33478941,118293662,113031680,112591594,39,49,51,50,0.35205683,0.39446217,0.38574743,0.40165827,0.435,0.49127182,0.48379052,0.4723618,0.9418895,0.9551284,0.94584113,0.95905435,31586,35866,35856,35850,439,397,456,520
1785747102,10328,12295,11064,10889,248725800,126078208,117446656,159339888,636502416,557201408,471305216,554648896,18388.84201812744,23386.621032714844,23548.42384338379,22776.94174194336,763234513,382049229,403793151,710135834,64702.59,63833.984,65105.96,65104.04,44.53751899859999,49.690969637599984,48.35437268439996,47.90109810559999,70.38829715,72.47721990000001,69.05091315000001,70.61367120000001,3.447435497666636,3.861914326955528,3.7533651470665865,3.7259220050666437,8.686222300000004,9.307731700000001,9.131908800000005,9.166868300000003,17606506,15976252,16445841,16587675,23750440,83777832,81040913,81765976,39,51,50,51,0.32604867,0.3632428,0.3584299,0.36270022,0.47869673,0.5162095,0.5049505,0.51378447,0.9676907,0.9733892,0.9722249,0.97093016,45929,50905,48907,48890,785,382,403,710
1786343638,13211,10225,9138,9022,175948624,104312320,141870672,117318144,553195320,506788864,470548864,463905280,21060.547775268555,26786.262504577637,25903.508544921875,25237.98030090332,433922733,348239836,469892551,367504566,88727.16,87838.88,86755.4,84275.945,29.896577240799978,33.46173855339997,34.33568261320002,35.60454969260006,40.67592625,46.61774185,47.32103930000001,50.34865995000002,2.2914761447000034,2.585051087688881,2.6828320862111186,2.7585788723111135,5.453705000000003,6.102874250000001,6.421721050000002,6.58467645,25708682,23291674,22481600,21999246,34706138,122006988,111037102,108515058,39,51,50,50,0.28129447,0.31115285,0.31654885,0.33162266,0.34085214,0.4275,0.44554454,0.47368422,0.9400204,0.9243939,0.9242379,0.9439546,30917,35083,35871,36857,433,361,469,367
1786946456,11864,11987,10914,10937,248132608,137976736,124274176,140689824,622384104,467369312,436788504,444755872,19174.987060546875,25165.859375,24250.42552947998,24370.395217895508,1893185959,1658488323,1436838630,1599690864,77681.03,75988.305,78273.12,78353.42,38.379685507600065,42.97575529140011,43.94746747400003,41.89585747980011,58.04607205000001,61.121155400000006,61.85371315,57.82684435,2.9587158396888578,3.335132511577806,3.4564276390999638,3.2447858596555923,6.8472961,7.725608900000001,8.022240400000001,7.480519750000001,19855431,18416216,18048980,18880714,26800773,97005864,89049945,93028873,39,50,52,50,0.35557806,0.39306423,0.38685971,0.38812593,0.53266335,0.5,0.54477614,0.5199005,0.9499719,0.96886045,0.9715826,0.960982,38922,43905,44865,42879,1893,1658,1436,1599
